checkpoint,local_ms,parallel_ms,parallel_naive,parallel_vs_local_pct
1,0.1988574,4.0,298.0,1911.4916518067723
2,0.3050592,5.0,366.0,1539.0261300101754
3,0.384559,5.2,394.2,1252.1982322608494
4,0.6539922,6.4,419.0,878.6049436063611
5,0.7239717999999999,8.2,431.6,1032.6408017549854
